,bus1,bus2,phases,kvar,kv,conn,cmatrix,cuf,R,XL,Harm,Numsteps,states,normamps,emergamps,faultrate,pctperm,repair,basefreq,enabled,like
Capacitor.c83,83,83.0.0.0,3,['600'],4.16,wye,"('0 |4.88117258506981E-310 1.05821896968903E-305 |1.05855341594194E-305 1.05855341698541E-305 1.05855342014743E-305',)",['91.9673'],['0'],['0'],['0'],1,['1'],112.416759145095,149.889012193461,0.0005,100,3,60,Yes,
Capacitor.c88a,88.1,88.0.0.0,1,['50'],2.402,wye,"('0',)",['22.9876'],['0'],['0'],['0'],1,['1'],28.1015820149875,37.4687760199833,0.0005,100,3,60,Yes,
Capacitor.c90b,90.2,90.0.0.0,1,['50'],2.402,wye,"('0',)",['22.9876'],['0'],['0'],['0'],1,['1'],28.1015820149875,37.4687760199833,0.0005,100,3,60,Yes,
Capacitor.c92c,92.3,92.0.0.0,1,['50'],2.402,wye,"('0',)",['22.9876'],['0'],['0'],['0'],1,['1'],28.1015820149875,37.4687760199833,0.0005,100,3,60,Yes,
