{"FeederHeadLine": "Line.sw1", "FeederHeadLoading": 1.576024158862476, "FeederHeadLoadKW": -3614.968461599664, "FeederHeadLoadKVar": -1310.4937441111806, "ReversePowerFlow": false}