{"FeederHeadLine": "Line.sw1", "FeederHeadLoading": 1.5764685191361065, "FeederHeadLoadKW": -3615.550251980669, "FeederHeadLoadKVar": -1310.8649766496349, "ReversePowerFlow": false}