{"FeederHeadLine": "Line.sl_9", "FeederHeadLoading": 0.004298352453944137, "FeederHeadLoadKW": -0.24559271370397728, "FeederHeadLoadKVar": -0.02679336420790406, "ReversePowerFlow": false}