{"FeederHeadLine": "Line.sl_9", "FeederHeadLoading": 0.009926377499981315, "FeederHeadLoadKW": -0.5222897838498763, "FeederHeadLoadKVar": -0.06881507213945598, "ReversePowerFlow": false}