{"FeederHeadLine": "Line.sl_9", "FeederHeadLoading": 0.014439979576834188, "FeederHeadLoadKW": -0.7451310187755433, "FeederHeadLoadKVar": -0.09566851566761278, "ReversePowerFlow": false}