{"FeederHeadLine": "Line.sl_9", "FeederHeadLoading": 0.004027866122893067, "FeederHeadLoadKW": -0.23217998318599928, "FeederHeadLoadKVar": -0.02565294947761661, "ReversePowerFlow": false}