{"FeederHeadLine": "Line.sl_9", "FeederHeadLoading": 0.007457771298833906, "FeederHeadLoadKW": -0.4003382297956688, "FeederHeadLoadKVar": -0.054517744239246595, "ReversePowerFlow": false}