{"FeederHeadLine": "Line.sl_9", "FeederHeadLoading": 0.008710520868834943, "FeederHeadLoadKW": -0.4622929642735373, "FeederHeadLoadKVar": -0.06132447083519668, "ReversePowerFlow": false}