{"FeederHeadLine": "Line.sl_9", "FeederHeadLoading": 0.005218578367597455, "FeederHeadLoadKW": -0.29078317469018955, "FeederHeadLoadKVar": -0.03409745428483686, "ReversePowerFlow": false}