{"FeederHeadLine": "Line.sl_9", "FeederHeadLoading": 0.0046604372733127595, "FeederHeadLoadKW": -0.26338670507973566, "FeederHeadLoadKVar": -0.02957694887643677, "ReversePowerFlow": false}