{"FeederHeadLine": "Line.sl_9", "FeederHeadLoading": 0.0031430721461883303, "FeederHeadLoadKW": -0.18855265697238557, "FeederHeadLoadKVar": -0.01999158918724959, "ReversePowerFlow": false}