,phases,bus1,kV,kW,pf,model,yearly,daily,duty,growth,conn,kvar,Rneut,Xneut,status,class,Vminpu,Vmaxpu,Vminnorm,Vminemerg,xfkVA,allocationfactor,kVA,%mean,%stddev,CVRwatts,CVRvars,kwh,kwhdays,Cfactor,CVRcurve,NumCust,ZIPV,%SeriesRL,RelWeight,Vlowpu,puXharm,XRharm,spectrum,basefreq,enabled,like
Load.mpx000635970,1,110_2.1,0.24,0.074918308348582,0.987278887205994,1,lp_mpx000635970,,,,wye,0.0120653541376679,-1,0,Variable,1,0.95,1.05,0,0,0,0.5,0.0758836325980811,50,10,1,2,0,30,4,,1,['0 0 0 0 0 0 0'],50,1,0.5,0,6,defaultload,60,Yes,
Load.mpx000460267,1,111_2.1,0.24,0.500665533889781,0.985668177157945,1,lp_mpx000460267,,,,wye,0.0856881987126773,-1,0,Variable,1,0.95,1.05,0,0,0,0.5,0.507945316174648,50,10,1,2,0,30,4,,1,['0 0 0 0 0 0 0'],50,1,0.5,0,6,defaultload,60,Yes,
Load.mpx000637601,1,112_2.1,0.24,0.0902463386860165,0.891350249023867,1,lp_mpx000637601,,,,wye,0.0458967093888884,-1,0,Variable,1,0.95,1.05,0,0,0,0.5,0.101246775647224,50,10,1,2,0,30,4,,1,['0 0 0 0 0 0 0'],50,1,0.5,0,6,defaultload,60,Yes,
Load.mpx000594341,1,113_2.1,0.24,0.229702948078242,0.988083581678164,1,lp_mpx000594341,,,,wye,0.0357818734817596,-1,0,Variable,1,0.95,1.05,0,0,0,0.5,0.232473195929553,50,10,1,2,0,30,4,,1,['0 0 0 0 0 0 0'],50,1,0.5,0,6,defaultload,60,Yes,
