,phases,bus1,kV,kW,pf,model,yearly,daily,duty,growth,conn,kvar,Rneut,Xneut,status,class,Vminpu,Vmaxpu,Vminnorm,Vminemerg,xfkVA,allocationfactor,kVA,%mean,%stddev,CVRwatts,CVRvars,kwh,kwhdays,Cfactor,CVRcurve,NumCust,ZIPV,%SeriesRL,RelWeight,Vlowpu,puXharm,XRharm,spectrum,basefreq,enabled,like
Load.mpx000635970,1,110_2.1,0.24,0.0239733750855231,0.987278887205994,1,lp_mpx000635970,,,,wye,0.00386083544407014,-1,0,Variable,1,0.95,1.05,0,0,0,0.5,0.024282272614345,50,10,1,2,0,30,4,,1,['0 0 0 0 0 0 0'],50,1,0.5,0,6,defaultload,60,Yes,
Load.mpx000460267,1,111_2.1,0.24,0.461828151684661,0.985668177157945,1,lp_mpx000460267,,,,wye,0.0790412356233323,-1,0,Variable,1,0.95,1.05,0,0,0,0.5,0.468543230254513,50,10,1,2,0,30,4,,1,['0 0 0 0 0 0 0'],50,1,0.5,0,6,defaultload,60,Yes,
Load.mpx000637601,1,112_2.1,0.24,0.154537295636797,0.891350249023867,1,lp_mpx000637601,,,,wye,0.0785932532095712,-1,0,Variable,1,0.95,1.05,0,0,0,0.5,0.173374378709193,50,10,1,2,0,30,4,,1,['0 0 0 0 0 0 0'],50,1,0.5,0,6,defaultload,60,Yes,
Load.mpx000594341,1,113_2.1,0.24,0.270670588950865,0.988083581678164,1,lp_mpx000594341,,,,wye,0.0421635893230861,-1,0,Variable,1,0.95,1.05,0,0,0,0.5,0.273934911954672,50,10,1,2,0,30,4,,1,['0 0 0 0 0 0 0'],50,1,0.5,0,6,defaultload,60,Yes,
