,phases,bus1,kV,kW,pf,model,yearly,daily,duty,growth,conn,kvar,Rneut,Xneut,status,class,Vminpu,Vmaxpu,Vminnorm,Vminemerg,xfkVA,allocationfactor,kVA,%mean,%stddev,CVRwatts,CVRvars,kwh,kwhdays,Cfactor,CVRcurve,NumCust,ZIPV,%SeriesRL,RelWeight,Vlowpu,puXharm,XRharm,spectrum,basefreq,enabled,like
Load.mpx000635970,1,110_2.1,0.24,0.205421641721358,0.987278887205994,1,lp_mpx000635970,,,,wye,0.0330824989183867,-1,0,Variable,1,0.95,1.05,0,0,0,0.5,0.208068504637735,50,10,1,2,0,30,4,,1,['0 0 0 0 0 0 0'],50,1,0.5,0,6,defaultload,60,Yes,
Load.mpx000460267,1,111_2.1,0.24,0.302389396232968,0.985668177157945,1,lp_mpx000460267,,,,wye,0.0517535179058706,-1,0,Variable,1,0.95,1.05,0,0,0,0.5,0.306786201726499,50,10,1,2,0,30,4,,1,['0 0 0 0 0 0 0'],50,1,0.5,0,6,defaultload,60,Yes,
Load.mpx000637601,1,112_2.1,0.24,0.114595524578982,0.891350249023867,1,lp_mpx000637601,,,,wye,0.0582800096430249,-1,0,Variable,1,0.95,1.05,0,0,0,0.5,0.128563967648494,50,10,1,2,0,30,4,,1,['0 0 0 0 0 0 0'],50,1,0.5,0,6,defaultload,60,Yes,
Load.mpx000594341,1,113_2.1,0.24,0.0279051593581062,0.988083581678164,1,lp_mpx000594341,,,,wye,0.00434691365519602,-1,0,Variable,1,0.95,1.05,0,0,0,0.5,0.0282416992606152,50,10,1,2,0,30,4,,1,['0 0 0 0 0 0 0'],50,1,0.5,0,6,defaultload,60,Yes,
