,phases,bus1,kV,kW,pf,model,yearly,daily,duty,growth,conn,kvar,Rneut,Xneut,status,class,Vminpu,Vmaxpu,Vminnorm,Vminemerg,xfkVA,allocationfactor,kVA,%mean,%stddev,CVRwatts,CVRvars,kwh,kwhdays,Cfactor,CVRcurve,NumCust,ZIPV,%SeriesRL,RelWeight,Vlowpu,puXharm,XRharm,spectrum,basefreq,enabled,like
Load.mpx000635970,1,110_2.1,0.24,0.0488308375823835,0.987278887205994,1,lp_mpx000635970,,,,wye,0.00786405034039389,-1,0,Variable,1,0.95,1.05,0,0,0,0.5,0.0494600241281115,50,10,1,2,0,30,4,,1,['0 0 0 0 0 0 0'],50,1,0.5,0,6,defaultload,60,Yes,
Load.mpx000460267,1,111_2.1,0.24,0.149156524970472,0.985668177157945,1,lp_mpx000460267,,,,wye,0.0255279284988207,-1,0,Variable,1,0.95,1.05,0,0,0,0.5,0.151325292250529,50,10,1,2,0,30,4,,1,['0 0 0 0 0 0 0'],50,1,0.5,0,6,defaultload,60,Yes,
Load.mpx000637601,1,112_2.1,0.24,0.239950753446937,0.891350249023867,1,lp_mpx000637601,,,,wye,0.122032097467299,-1,0,Variable,1,0.95,1.05,0,0,0,0.5,0.269199176989866,50,10,1,2,0,30,4,,1,['0 0 0 0 0 0 0'],50,1,0.5,0,6,defaultload,60,Yes,
Load.mpx000594341,1,113_2.1,0.24,0.741801521127506,0.988083581678164,1,lp_mpx000594341,,,,wye,0.115553798502055,-1,0,Variable,1,0.95,1.05,0,0,0,0.5,0.750747745314853,50,10,1,2,0,30,4,,1,['0 0 0 0 0 0 0'],50,1,0.5,0,6,defaultload,60,Yes,
