,phases,bus1,kV,kW,pf,model,yearly,daily,duty,growth,conn,kvar,Rneut,Xneut,status,class,Vminpu,Vmaxpu,Vminnorm,Vminemerg,xfkVA,allocationfactor,kVA,%mean,%stddev,CVRwatts,CVRvars,kwh,kwhdays,Cfactor,CVRcurve,NumCust,ZIPV,%SeriesRL,RelWeight,Vlowpu,puXharm,XRharm,spectrum,basefreq,enabled,like
Load.mpx000635970,1,110_2.1,0.24,0.167600053077022,0.987278887205994,1,lp_mpx000635970,,,,wye,0.0269914529364101,-1,0,Variable,1,0.95,1.05,0,0,0,0.5,0.16975958389157,50,10,1,2,0,30,4,,1,['0 0 0 0 0 0 0'],50,1,0.5,0,6,defaultload,60,Yes,
Load.mpx000460267,1,111_2.1,0.24,0.493764353583277,0.985668177157945,1,lp_mpx000460267,,,,wye,0.084507071454203,-1,0,Variable,1,0.95,1.05,0,0,0,0.5,0.500943791253347,50,10,1,2,0,30,4,,1,['0 0 0 0 0 0 0'],50,1,0.5,0,6,defaultload,60,Yes,
Load.mpx000637601,1,112_2.1,0.24,0.154346911781488,0.891350249023867,1,lp_mpx000637601,,,,wye,0.0784964294202993,-1,0,Variable,1,0.95,1.05,0,0,0,0.5,0.173160788310224,50,10,1,2,0,30,4,,1,['0 0 0 0 0 0 0'],50,1,0.5,0,6,defaultload,60,Yes,
Load.mpx000594341,1,113_2.1,0.24,0.107402238160412,0.988083581678164,1,lp_mpx000594341,,,,wye,0.0167305353704238,-1,0,Variable,1,0.95,1.05,0,0,0,0.5,0.108697523318826,50,10,1,2,0,30,4,,1,['0 0 0 0 0 0 0'],50,1,0.5,0,6,defaultload,60,Yes,
