,phases,bus1,kV,kW,pf,model,yearly,daily,duty,growth,conn,kvar,Rneut,Xneut,status,class,Vminpu,Vmaxpu,Vminnorm,Vminemerg,xfkVA,allocationfactor,kVA,%mean,%stddev,CVRwatts,CVRvars,kwh,kwhdays,Cfactor,CVRcurve,NumCust,ZIPV,%SeriesRL,RelWeight,Vlowpu,puXharm,XRharm,spectrum,basefreq,enabled,like
Load.mpx000635970,1,110_2.1,0.24,0.924277004053741,0.987278887205994,1,lp_mpx000635970,,,,wye,0.148851857723803,-1,0,Variable,1,0.95,1.05,0,0,0,0.5,0.936186336030593,50,10,1,2,0,30,4,,1,['0 0 0 0 0 0 0'],50,1,0.5,0,6,defaultload,60,Yes,
Load.mpx000460267,1,111_2.1,0.24,0.229679750610523,0.985668177157945,1,lp_mpx000460267,,,,wye,0.0393093647922753,-1,0,Variable,1,0.95,1.05,0,0,0,0.5,0.233019342546674,50,10,1,2,0,30,4,,1,['0 0 0 0 0 0 0'],50,1,0.5,0,6,defaultload,60,Yes,
Load.mpx000637601,1,112_2.1,0.24,0.387095597227841,0.891350249023867,1,lp_mpx000637601,,,,wye,0.196865760875873,-1,0,Variable,1,0.95,1.05,0,0,0,0.5,0.434280012432549,50,10,1,2,0,30,4,,1,['0 0 0 0 0 0 0'],50,1,0.5,0,6,defaultload,60,Yes,
Load.mpx000594341,1,113_2.1,0.24,0.0179753649414811,0.988083581678164,1,lp_mpx000594341,,,,wye,0.00280010439354677,-1,0,Variable,1,0.95,1.05,0,0,0,0.5,0.0181921502136,50,10,1,2,0,30,4,,1,['0 0 0 0 0 0 0'],50,1,0.5,0,6,defaultload,60,Yes,
