,phases,bus1,kV,kW,pf,model,yearly,daily,duty,growth,conn,kvar,Rneut,Xneut,status,class,Vminpu,Vmaxpu,Vminnorm,Vminemerg,xfkVA,allocationfactor,kVA,%mean,%stddev,CVRwatts,CVRvars,kwh,kwhdays,Cfactor,CVRcurve,NumCust,ZIPV,%SeriesRL,RelWeight,Vlowpu,puXharm,XRharm,spectrum,basefreq,enabled,like
Load.mpx000635970,1,110_2.1,0.24,0.273128312600886,0.987278887205994,1,lp_mpx000635970,,,,wye,0.0439864418884163,-1,0,Variable,1,0.95,1.05,0,0,0,0.5,0.276647577640236,50,10,1,2,0,30,4,,1,['0 0 0 0 0 0 0'],50,1,0.5,0,6,defaultload,60,Yes,
Load.mpx000460267,1,111_2.1,0.24,0.538205395028336,0.985668177157945,1,lp_mpx000460267,,,,wye,0.0921130929048046,-1,0,Variable,1,0.95,1.05,0,0,0,0.5,0.546031014798698,50,10,1,2,0,30,4,,1,['0 0 0 0 0 0 0'],50,1,0.5,0,6,defaultload,60,Yes,
Load.mpx000637601,1,112_2.1,0.24,0.661492812630542,0.891350249023867,1,lp_mpx000637601,,,,wye,0.336416344709247,-1,0,Variable,1,0.95,1.05,0,0,0,0.5,0.742124449233009,50,10,1,2,0,30,4,,1,['0 0 0 0 0 0 0'],50,1,0.5,0,6,defaultload,60,Yes,
Load.mpx000594341,1,113_2.1,0.24,0.644157199868958,0.988083581678164,1,lp_mpx000594341,,,,wye,0.10034329825068,-1,0,Variable,1,0.95,1.05,0,0,0,0.5,0.651925820662782,50,10,1,2,0,30,4,,1,['0 0 0 0 0 0 0'],50,1,0.5,0,6,defaultload,60,Yes,
