,phases,bus1,kV,kW,pf,model,yearly,daily,duty,growth,conn,kvar,Rneut,Xneut,status,class,Vminpu,Vmaxpu,Vminnorm,Vminemerg,xfkVA,allocationfactor,kVA,%mean,%stddev,CVRwatts,CVRvars,kwh,kwhdays,Cfactor,CVRcurve,NumCust,ZIPV,%SeriesRL,RelWeight,Vlowpu,puXharm,XRharm,spectrum,basefreq,enabled,like
Load.mpx000635970,1,110_2.1,0.24,0.636066901108227,0.987278887205994,1,lp_mpx000635970,,,,wye,0.102436541698355,-1,0,Variable,1,0.95,1.05,0,0,0,0.5,0.644262638805434,50,10,1,2,0,30,4,,1,['0 0 0 0 0 0 0'],50,1,0.5,0,6,defaultload,60,Yes,
Load.mpx000460267,1,111_2.1,0.24,0.029404670170274,0.985668177157945,1,lp_mpx000460267,,,,wye,0.00503256775247855,-1,0,Variable,1,0.95,1.05,0,0,0,0.5,0.029832220266113,50,10,1,2,0,30,4,,1,['0 0 0 0 0 0 0'],50,1,0.5,0,6,defaultload,60,Yes,
Load.mpx000637601,1,112_2.1,0.24,0.17400209623977,0.891350249023867,1,lp_mpx000637601,,,,wye,0.0884924946590829,-1,0,Variable,1,0.95,1.05,0,0,0,0.5,0.195211810879419,50,10,1,2,0,30,4,,1,['0 0 0 0 0 0 0'],50,1,0.5,0,6,defaultload,60,Yes,
Load.mpx000594341,1,113_2.1,0.24,0.255944358120718,0.988083581678164,1,lp_mpx000594341,,,,wye,0.0398696173351949,-1,0,Variable,1,0.95,1.05,0,0,0,0.5,0.259031080838345,50,10,1,2,0,30,4,,1,['0 0 0 0 0 0 0'],50,1,0.5,0,6,defaultload,60,Yes,
