Circuit.mikilua-0,Circuit.mikilua-1,
3599.631468,450.139955
2313.230858,248.205479
3804.989948,479.852373
2962.511174,353.470867
3044.630409,366.300930
3541.288272,441.579934
3964.559269,502.473740
2878.677624,340.259037
3729.946691,469.075354
3952.141473,500.724273
1874.565671,173.314724
3426.502528,424.515816
3925.401591,496.969642
3341.513968,411.776900
3584.553819,447.933213
3893.220427,492.419518
2430.410882,267.687328
2792.086110,326.483157
2980.287558,356.259140
3871.927038,489.389791
3998.563045,507.225772
2530.910885,284.228092
3320.539181,408.602330
2572.741117,291.071974
3730.772494,469.192852
3606.475542,451.133119
3933.666986,498.128861
2971.903469,354.944733
3931.429648,497.799583
3979.136465,504.496024
2979.714172,356.169035
2578.499205,292.009430
3815.728218,481.388427
3717.183646,467.255785
3299.316242,405.382882
1506.065717,108.071101
3337.859852,411.210312
3431.261208,425.239958
3260.996640,399.576320
1600.784019,125.044237
3401.133235,420.719960
3273.505884,401.478701
3977.118936,504.218701
3139.595378,381.006541
3854.987315,486.985662
3093.740722,373.924776
3392.354467,419.427113
3671.223420,460.587412
3737.778346,470.196670
3796.104854,478.577726
3806.484725,480.085134
2764.432527,322.068843
3752.529396,472.328810
3018.017817,362.156100
3233.933795,395.468652
3301.043689,405.645783
3833.285665,483.916157
4008.250970,508.580049
2591.718267,294.160490
3923.871586,496.732820
3653.388586,457.975883
3653.663034,458.024579
3036.318851,365.008208
3943.628621,499.516776
3554.711120,443.527353
3839.299353,484.765218
3069.880470,370.226604
2285.701129,243.602038
3538.775433,441.184428
1832.215444,165.925002
3478.893903,432.318297
2957.648308,352.705703
889.090286,-5.918581
3278.587492,402.257618
3903.090540,493.803062
3130.520900,379.607547
3236.947943,395.924405
3364.313831,415.210629
2529.402833,283.987248
3322.815116,408.946135
3557.613603,443.974828
3767.487809,474.491416
3846.248606,485.731829
3250.969531,398.060545
3994.719415,506.681521
3247.178176,397.484111
3935.630759,498.392427
793.427582,-24.124027
3001.626714,359.594655
3839.014014,484.712034
3986.045314,505.476011
2683.918947,309.121564
2991.688767,358.048034
1028.530439,20.363990
2778.434481,324.305706
3834.454703,484.061322
