Circuit.mikilua-0,Circuit.mikilua-1,
3564.068416,443.890765
3491.113823,433.200543
3673.346398,459.809008
2573.333520,290.762586
2714.785943,313.623091
3933.040590,496.780151
3654.795327,457.113716
3936.968365,497.342852
3412.230529,421.482114
3197.696259,389.169911
3523.603556,437.982456
2585.048870,292.667205
3835.818053,483.066934
3534.807855,439.612538
3391.984318,418.473956
1940.176975,184.486784
3027.679547,363.015715
3336.187901,410.134006
3019.794981,361.788203
2930.599875,347.883541
3504.587026,435.189910
3879.880459,489.316215
3460.549423,428.659070
3487.939245,432.714907
3186.861771,387.515269
2610.520583,296.801332
3727.532161,467.608018
3277.306804,401.246477
2065.082455,205.966942
3811.728953,479.642766
2829.696521,331.956540
2757.392927,320.453352
3604.420479,449.799034
3312.590462,406.571376
3057.009375,367.560133
3336.102871,410.120477
2927.717697,347.407905
3705.567339,464.449938
3430.217333,424.163478
3527.552817,438.538427
3829.777605,482.222532
2033.556957,200.563000
3844.775628,484.334852
2595.426372,294.354412
3277.125397,401.227263
3260.121545,398.642423
3895.492462,491.505211
2353.312726,254.559278
3959.947277,500.545871
2197.017896,228.370980
3569.086523,444.638395
3761.807682,472.531770
1939.280243,184.331485
2264.445784,239.715825
3215.334063,391.857194
2672.175039,306.768466
3735.886716,468.807905
1974.717307,190.449106
3908.936356,493.392349
3780.934767,475.257658
3714.263594,465.715505
3725.169840,467.284430
1646.726039,133.057769
3801.354250,478.164305
3891.892800,490.985436
3317.370767,407.283916
3216.283344,392.021315
3684.410642,461.414383
2838.466240,333.346204
3713.838055,465.640099
3513.950090,436.548439
3756.286643,471.742740
3499.965844,434.486971
3878.789855,489.162393
3626.860256,453.061308
2848.093326,334.870656
3967.982579,501.670432
1326.841734,75.440756
3548.837079,441.669225
3869.129325,487.796677
3926.548775,495.864535
3565.640910,444.130901
2500.545259,278.876096
3238.707628,395.409632
2822.023034,330.723631
561.782949,-68.977175
3580.312558,446.272603
3638.279529,454.716576
3450.167511,427.126623
1510.919313,108.791682
3713.813201,465.631226
2865.735678,337.661227
3348.912821,412.047807
3133.139612,379.294899
2316.556760,248.440567
3452.865552,427.526538
