Circuit.mikilua-0,Circuit.mikilua-1,
3137.768173,371.611748
2135.260300,208.836428
2579.071889,282.861168
3966.924350,493.814080
3552.844990,434.202083
2422.699597,257.139598
3203.013091,381.631983
3833.965474,475.009484
2822.986635,322.223530
2384.043126,250.715900
3992.708531,497.430464
3921.246119,487.397382
3428.149350,415.706529
3479.654023,423.371079
3988.457251,496.856204
3562.067713,435.560679
3907.385203,485.434780
3963.395704,493.314408
3164.958315,375.798688
2905.220921,335.269484
3956.218054,492.310301
2764.365238,312.850624
3566.341239,436.197737
3714.227736,457.789142
2333.472870,242.278261
3598.508296,440.921948
3695.605151,455.071371
3844.899910,476.555523
3971.505427,494.467270
3789.246127,468.588557
3590.829033,439.795619
3075.965982,362.041194
1993.360773,184.511404
2924.622579,338.336940
3154.786362,374.236080
3447.276012,418.568062
3629.527345,445.474204
4007.984810,499.586182
3121.022598,369.024959
1789.297039,148.962217
3879.289313,481.433988
3094.116341,364.859255
2827.201464,322.882708
2642.419670,293.169976
3456.311734,419.902794
3938.578252,489.844309
3866.914693,479.697624
3282.255434,393.725688
3302.070876,396.749324
3118.432381,368.614386
3094.679279,364.946550
1960.884115,178.899399
3752.691809,463.330658
3125.911129,369.779241
3847.393620,476.903628
2620.864934,289.679654
1834.116750,156.830485
2913.604179,336.596310
3395.499152,410.813276
3336.719965,401.980379
3809.564878,471.517804
3730.863049,460.203130
3276.538523,392.856529
3391.560670,410.228090
3912.846437,486.212291
2842.748857,325.372070
326.700283,-125.175550
3816.707476,472.529030
2819.675466,321.695376
3874.433482,480.748972
3716.599230,458.124156
3045.742613,357.339680
3276.369961,392.835447
3552.889054,434.227552
3379.405708,408.394576
3909.595009,485.752685
2776.458785,314.788561
3571.209904,436.914226
2762.503519,312.550322
3601.742132,441.398116
3725.723758,459.426716
3616.598459,443.596954
3367.795699,406.646794
2917.634266,337.241301
3608.104634,442.331310
3442.273091,417.808812
3734.756269,460.759994
3333.077372,401.409068
3787.088195,468.296253
3978.974737,495.517561
3111.470679,367.547574
3908.703985,485.608221
2911.307326,336.244447
2883.936888,331.912295
3563.224605,435.739460
3350.880761,404.100480
