{"FeederHeadLine": "Line.sl_9", "FeederHeadLoading": 0.06914843903995486, "FeederHeadLoadKW": -3.484933630118796, "FeederHeadLoadKVar": -0.03366811435864132, "ReversePowerFlow": false}