,bus1,bus2,phases,kvar,kv,conn,cmatrix,cuf,R,XL,Harm,Numsteps,states,normamps,emergamps,faultrate,pctperm,repair,basefreq,enabled,like
Capacitor.c1,b1,b1.0.0.0,3,['600'],12.47,wye,"('0 |2.18723261607093E-310 2.2560575988583E-308 |7.91199996648535E-306 0 7.90905758086331E-306',)",['10.235'],['0'],['0'],['0'],1,['1'],37.5023029706172,50.0030706274896,0.0005,100,3,60,Yes,
Capacitor.c2,b3,b3.0.0.0,3,['600'],12.47,wye,"('0 |2.29084569180166E-310 2.2560575988583E-308 |7.91200000221617E-306 0 7.90905758086331E-306',)",['10.235'],['0'],['0'],['0'],1,['1'],37.5023029706172,50.0030706274896,0.0005,100,3,60,Yes,
Capacitor.cg,bg,bg.0.0.0,3,['600'],0.48,wye,"('0 |2.39445876753238E-310 2.25615260570573E-308 |7.91199997280939E-306 0 7.90905758086331E-306',)",['6907.77'],['0'],['0'],['0'],1,['1'],974.278579257494,1299.03810567666,0.0005,100,3,60,Yes,
