,bus1,bus2,phases,kvar,kv,conn,cmatrix,cuf,R,XL,Harm,Numsteps,states,normamps,emergamps,faultrate,pctperm,repair,basefreq,enabled,like
Capacitor.c1,b1,b1.0.0.0,3,['600'],12.47,wye,"('0 |4.88117258506981E-310 1.05821896968903E-305 |1.05855341594194E-305 1.05855341698541E-305 1.05855342014743E-305',)",['10.235'],['0'],['0'],['0'],1,['1'],37.5023029706172,50.0030706274896,0.0005,100,3,60,Yes,
Capacitor.c2,b3,b3.0.0.0,3,['600'],12.47,wye,"('0 |4.15588105495473E-310 1.05821897247161E-305 |0 0 0',)",['10.235'],['0'],['0'],['0'],1,['1'],37.5023029706172,50.0030706274896,0.0005,100,3,60,Yes,
Capacitor.cg,bg,bg.0.0.0,3,['600'],0.48,wye,"('0 |5.91730334237707E-310 2.25615260570573E-308 |1.05855428827215E-305 0 1.05821868688981E-305',)",['6907.77'],['0'],['0'],['0'],1,['1'],974.278579257494,1299.03810567666,0.0005,100,3,60,Yes,
