,bus1,bus2,phases,kvar,kv,conn,cmatrix,cuf,R,XL,Harm,Numsteps,states,normamps,emergamps,faultrate,pctperm,repair,basefreq,enabled,like
Capacitor.c1,b1,b1.0.0.0,3,['600'],12.47,wye,"('0 |4.88117258506981E-310 7.77679460436692E-306 |7.76946392020825E-306 7.76946401854707E-306 7.76986216447027E-306',)",['10.235'],['0'],['0'],['0'],1,['1'],37.5023029706172,50.0030706274896,0.0005,100,3,60,Yes,
Capacitor.c2,b3,b3.0.0.0,3,['600'],12.47,wye,"('0 |4.15588105495473E-310 7.7767946321927E-306 |0 0 0',)",['10.235'],['0'],['0'],['0'],1,['1'],37.5023029706172,50.0030706274896,0.0005,100,3,60,Yes,
Capacitor.cg,bg,bg.0.0.0,3,['600'],0.48,wye,"('0 |5.91730334237707E-310 2.25615260570573E-308 |7.76987919930038E-306 0 7.77679210032365E-306',)",['6907.77'],['0'],['0'],['0'],1,['1'],974.278579257494,1299.03810567666,0.0005,100,3,60,Yes,
