{"FeederHeadLine": "Line.l7", "FeederHeadLoading": 0.00018408558828173643, "FeederHeadLoadKW": -36.35535940927585, "FeederHeadLoadKVar": 2084.359623719056, "ReversePowerFlow": false}