,Daily,Duty,Isc1,Isc3,MVAsc1,MVAsc3,Model,R0,R1,ScanType,Sequence,X0,X1,Yearly,Z0,Z1,Z2,angle,baseMVA,basefreq,basekv,bus1,bus2,enabled,frequency,like,phases,pu,puZ0,puZ1,puZ2,puZideal,spectrum,x0r0,x1r1
Vsource.source,,,105429.179591149,100408.742467761,21000,20000,Thevenin,0.179603583012336,0.160376682055275,Positive,Positive,0.538810749037007,0.641506728221101,,"['0.179603583012336', '0.538810749037007']","['0.160376682055275', '0.641506728221101']","['0.160376682055275', '0.641506728221101']",0,100,60,115,bx,bx.0.0.0,Yes,60,,3,1.0475,"['0.0013580611191859', '0.00407418335755771']","['0.00121267812518166', '0.00485071250072666']","['0.00121267812518166', '0.00485071250072666']","['1E-6', '0.001']",defaultvsource,3,4
