{"FeederHeadLine": "Line.sl_9", "FeederHeadLoading": 0.0904677875475182, "FeederHeadLoadKW": -4.5116401079406145, "FeederHeadLoadKVar": -0.5808926493998611, "ReversePowerFlow": false}