{"FeederHeadLine": "Line.sl_9", "FeederHeadLoading": 0.09046778754754031, "FeederHeadLoadKW": -4.511640031721679, "FeederHeadLoadKVar": -0.5808925467335657, "ReversePowerFlow": false}