{"FeederHeadLine": "Line.sl_9", "FeederHeadLoading": 0.06933724108556384, "FeederHeadLoadKW": -3.494342080342113, "FeederHeadLoadKVar": -0.035208296922618953, "ReversePowerFlow": false}