{"FeederHeadLine": "Line.650632", "FeederHeadLoading": 0.8086391092289869, "FeederHeadLoad": [-2081.1485089538282, -620.6668960233061], "ReversePowerFlow": false}