{"FeederHeadLine": "Line.650632", "FeederHeadLoading": 0.7465092066419082, "FeederHeadLoad": [-1930.6596353522837, -516.7236990859226], "ReversePowerFlow": false}