,IsDelta,MaxTap,MinTap,Name,NumTaps,NumWindings,R,Rneut,Tap,Wdg,XfmrCode,Xhl,Xht,Xlt,Xneut,kV,kVA
sub,False,1.1,0.9,sub,32,2,5e-06,-1.0,1.0,2,,8e-05,0.35,0.3,0.0,4.16,5000.0
reg1,False,1.1,0.9,reg1,32,2,5e-05,-1.0,1.04375,2,,0.0001,0.35,0.3,0.0,2.4,1666.0
reg2,False,1.1,0.9,reg2,32,2,5e-05,-1.0,1.03125,2,,0.0001,0.35,0.3,0.0,2.4,1666.0
reg3,False,1.1,0.9,reg3,32,2,5e-05,-1.0,1.0374999999999999,2,,0.0001,0.35,0.3,0.0,2.4,1666.0
xfm1,False,1.1,0.9,xfm1,32,2,0.0055000000000000005,-1.0,1.0,2,,0.02,0.01,0.01,0.0,0.48,500.0
